Variable,Cramers_V,Association_Strength
Signup_Quarter,0.013523917157373581,Very Weak
Gender,0.007699194829283923,Very Weak
Country,0.01374016103190198,Very Weak

Variable,Test,Statistic,Chi2_Statistic,Degrees_of_Freedom,P_Value,Adjusted_P_Value,Minimum_Expected_Frequency,Cramers_V,Association_Strength,Significant,Statistical_Conclusion
Signup_Quarter,Chi-square,9.144816763975175,9.144816763975175,3,0.027426162558254738,0.08227848767476421,3598.917,0.013523917157373581,Very Weak,False,No statistically significant association
Gender,Chi-square,2.963880050963615,2.963880050963615,2,0.22719649357069535,0.22719649357069535,270.793,0.007699194829283923,Very Weak,False,No statistically significant association
Country,Chi-square,9.439601259129883,9.439601259129883,7,0.22261552468720677,0.22719649357069535,736.372,0.01374016103190198,Very Weak,False,No statistically significant association

Country,Total_Customers,Churned_Customers,Active_Customers,Churn_Rate
Australia,4061,1214,2847,29.89411475006156
Canada,6023,1768,4255,29.354142453926613
USA,17384,5056,12328,29.084215370455592
India,3512,1019,2493,29.014806378132118
Germany,4925,1420,3505,28.832487309644673
UK,7534,2169,5365,28.78948765595965
Japan,2548,709,1839,27.82574568288854
France,4013,1095,2918,27.286319461749315

Gender,Total_Customers,Churned_Customers,Active_Customers,Churn_Rate
Other,937,293,644,31.270010672358588
Female,25116,7277,17839,28.973562669214843
Male,23947,6880,17067,28.730112331398505

Signup_Quarter,Total_Customers,Churned_Customers,Active_Customers,Churn_Rate
Q2,12521,3715,8806,29.67015414104305
Q1,12453,3651,8802,29.318236569501327
Q3,12558,3570,8988,28.428093645484946
Q4,12468,3514,8954,28.184151427654797

,Correlation_with_Churn
Customer_Service_Calls,0.29038437273776974
Cart_Abandonment_Rate,0.27946531415040493
Pages_Per_Session,-0.22470794995049606
Session_Duration_Avg,-0.21951233580811594
Email_Open_Rate,-0.21623254883960552
Mobile_App_Usage,-0.2113758753554102
Login_Frequency,-0.20437871677244163
Wishlist_Items,-0.1895690819251793
Social_Media_Engagement_Score,-0.17982947290137738
Product_Reviews_Written,-0.17445850166267837
Total_Purchases,-0.1609616756227136
Days_Since_Last_Purchase,0.14801527780499488
Credit_Balance,-0.14798996333451375
Age,-0.10190140354074863
Discount_Usage_Rate,-0.07566038108375185
Returns_Rate,0.05112155467962884
Average_Order_Value,0.04228787925297094
Lifetime_Value,-0.010683723739960285
Payment_Method_Diversity,0.004767434485205539
Membership_Years,-0.0006233218364678551

Variable,Active_N,Churned_N,Active_Mean,Churned_Mean,Active_Median,Churned_Median,Active_Std,Churned_Std,Active_Min,Churned_Min,Active_Max,Churned_Max,Mean_Difference
Age,35550,14450,38.50016877637131,35.99231833910034,38.0,36.0,10.76130394413506,11.886054827061104,18.0,18.0,75.0,75.0,-2.5078504372709673
Membership_Years,35550,14450,2.9848277371389784,2.9819963273677255,2.5,2.5,2.064002827295631,2.0470745135367063,0.1,0.1,10.0,10.0,-0.0028314097712529573
Login_Frequency,35550,14450,12.64239099859353,9.12083044982699,12.0,8.0,7.68858695540811,7.53972582863238,0.0,0.0,46.0,43.0,-3.5215605487665407
Session_Duration_Avg,35550,14450,29.07131364275668,23.988013840830448,27.4,23.6,10.173185762655834,10.407003263919757,1.0,1.0,75.6,66.3,-5.083299801926234
Pages_Per_Session,35550,14450,9.242450070323487,7.426159169550173,8.7,7.2,3.546182765801742,3.6290544382211607,1.0,1.0,24.1,23.2,-1.8162909007733141
Cart_Abandonment_Rate,35550,14450,54.155428973277075,64.14714878892734,55.5,66.6,15.043080939384371,16.768309383061464,0.0,0.0,100.0,100.0,9.991719815650264
Wishlist_Items,35550,14450,4.644416315049226,3.3644982698961936,4.0,3.0,3.042342176810575,2.9114695544696483,0.0,0.0,28.0,19.0,-1.2799180451530328
Total_Purchases,35550,14450,13.844036568213783,11.360034602076125,13.0,10.0,6.868101651650571,6.992672622966128,0.0,0.0,128.70000000000002,124.8,-2.484001966137658
Average_Order_Value,35550,14450,118.38390733327452,134.7625324817638,108.935,124.39500000000001,171.0654244897223,185.6811872641981,26.38,26.87,9666.37917838422,9487.427995097943,16.378625148489277
Days_Since_Last_Purchase,35550,14450,26.541322081575245,35.966851211072665,21.0,24.0,25.85396901443964,34.28769465402317,0.0,0.0,276.0,287.0,9.42552912949742
Discount_Usage_Rate,35550,14450,42.56886188466948,39.19648442906574,40.1,38.6,20.05564913939839,20.370490960531054,0.24,0.6,99.96,99.96,-3.37237745560374
Returns_Rate,35550,14450,6.374477089896132,7.036705846813071,5.4,5.4,5.917757244672506,5.731228866143615,0.0,0.0,99.22080175503412,99.6157338622138,0.6622287569169387
Email_Open_Rate,35550,14450,22.79026160337553,16.164401384083043,21.1,14.9,13.601719812816171,13.46288486989835,0.0,0.0,91.7,85.7,-6.625860219292488
Customer_Service_Calls,35550,14450,5.184894514767932,6.896470588235294,5.0,7.0,2.5348769112413443,2.609749232820027,0.0,0.0,18.0,21.0,1.711576073467362
Product_Reviews_Written,35550,14450,3.0445569620253163,2.1761245674740484,3.0,2.0,2.264621504021284,2.1131198052865154,0.0,0.0,21.0,15.0,-0.868432394551268
Social_Media_Engagement_Score,35550,14450,31.366447257383964,23.706525951557094,27.6,23.8,19.157237906882486,18.586454402570315,0.0,0.0,100.0,100.0,-7.65992130582687
Mobile_App_Usage,35550,14450,20.499060478199716,16.33084429065744,18.7,16.1,8.669304313744616,8.901318576449787,0.0,0.0,61.9,56.9,-4.168216187542278
Payment_Method_Diversity,35550,14450,2.3328832630098453,2.3442906574394464,2.0,2.0,1.0795871609493264,1.0970030704954752,1.0,1.0,5.0,5.0,0.011407394429601148
Lifetime_Value,35550,14450,1446.8058745428975,1425.423235986159,1266.79,1132.73,857.4467669531347,1019.3436912065229,0.0,0.0,8023.2,8987.24,-21.382638556738584
Credit_Balance,35550,14450,2067.5704078762305,1690.1904498269896,1896.0,1762.5,1147.2760706669228,1133.184203068698,0.0,0.0,7197.0,7160.0,-377.37995804924094

Variable,Cohens_d,Cohens_d_Interpretation,Rank_Biserial_Correlation,Rank_Biserial_Interpretation
Session_Duration_Avg,-0.4963527161051979,Small,0.2799640469342366,Small
Login_Frequency,-0.46058366153795616,Small,0.2716140354975447,Small
Cart_Abandonment_Rate,0.6420868872178407,Medium,-0.3559668267803523,Medium
Pages_Per_Session,-0.5087179899258599,Medium,0.2901351807240642,Small
Wishlist_Items,-0.4259143420079273,Small,0.2689706471220903,Small
Total_Purchases,-0.35977438186409394,Small,0.24000929146044125,Small
Product_Reviews_Written,-0.3908511892818224,Small,0.2523918064619741,Small
Social_Media_Engagement_Score,-0.40328007355458895,Small,0.2361676025287256,Small
Customer_Service_Calls,0.669436981076018,Medium,-0.3780486492536951,Medium
Email_Open_Rate,-0.48856993337651555,Small,0.2872819509536255,Small
Mobile_App_Usage,-0.4770770464828967,Small,0.27263510723723594,Small
Average_Order_Value,0.09337103271801532,Negligible / Very Small,-0.19327939108132708,Small
Credit_Balance,-0.33010222666799505,Small,0.18915814073457637,Small
Days_Since_Last_Purchase,0.3301599570899828,Small,-0.16514820297937993,Small
Age,-0.2259718707650568,Small,0.1258935891258961,Small
Discount_Usage_Rate,-0.16738739325306257,Negligible / Very Small,0.10262251227619368,Small
Returns_Rate,0.11292234371744507,Negligible / Very Small,-0.08611988183707342,Very Small
Lifetime_Value,-0.02356975285718835,Negligible / Very Small,0.07044756495797633,Very Small
Payment_Method_Diversity,0.010517130462819707,Negligible / Very Small,-0.004119484716199717,Very Small
Membership_Years,-0.0013750548369593314,Negligible / Very Small,-0.0014666686133376627,Very Small

Variable,Test_Primary,Active_N,Churned_N,Active_Mean,Churned_Mean,Active_Median,Churned_Median,Mean_Difference,MannWhitney_U,MannWhitney_P_Value,Adjusted_P_Value,Cohens_d,Cohens_d_Interpretation,Rank_Biserial_Correlation,Rank_Biserial_Interpretation,Significant,Statistical_Conclusion
Session_Duration_Avg,Mann-Whitney U,35550,14450,29.07131364275668,23.988013840830448,27.4,23.6,-5.083299801926234,328757165.5,0.0,0.0,-0.4963527161051979,Small,0.2799640469342366,Small,True,Significant difference between Active and Churned
Login_Frequency,Mann-Whitney U,35550,14450,12.64239099859353,9.12083044982699,12.0,8.0,-3.5215605487665407,326612475.5,0.0,0.0,-0.46058366153795616,Small,0.2716140354975447,Small,True,Significant difference between Active and Churned
Cart_Abandonment_Rate,Mann-Whitney U,35550,14450,54.155428973277075,64.14714878892734,55.5,66.6,9.991719815650264,165419115.5,0.0,0.0,0.6420868872178407,Medium,-0.3559668267803523,Medium,True,Significant difference between Active and Churned
Pages_Per_Session,Mann-Whitney U,35550,14450,9.242450070323487,7.426159169550173,8.7,7.2,-1.8162909007733141,331369608.5,0.0,0.0,-0.5087179899258599,Medium,0.2901351807240642,Small,True,Significant difference between Active and Churned
Wishlist_Items,Mann-Whitney U,35550,14450,4.644416315049226,3.3644982698961936,4.0,3.0,-1.2799180451530328,325933524.5,0.0,0.0,-0.4259143420079273,Small,0.2689706471220903,Small,True,Significant difference between Active and Churned
Total_Purchases,Mann-Whitney U,35550,14450,13.844036568213783,11.360034602076125,13.0,10.0,-2.484001966137658,318494836.5,0.0,0.0,-0.35977438186409394,Small,0.24000929146044125,Small,True,Significant difference between Active and Churned
Product_Reviews_Written,Mann-Whitney U,35550,14450,3.0445569620253163,2.1761245674740484,3.0,2.0,-0.868432394551268,321675270.0,0.0,0.0,-0.3908511892818224,Small,0.2523918064619741,Small,True,Significant difference between Active and Churned
Social_Media_Engagement_Score,Mann-Whitney U,35550,14450,31.366447257383964,23.706525951557094,27.6,23.8,-7.65992130582687,317508103.5,0.0,0.0,-0.40328007355458895,Small,0.2361676025287256,Small,True,Significant difference between Active and Churned
Customer_Service_Calls,Mann-Whitney U,35550,14450,5.184894514767932,6.896470588235294,5.0,7.0,1.711576073467362,159747427.0,0.0,0.0,0.669436981076018,Medium,-0.3780486492536951,Medium,True,Significant difference between Active and Churned
Email_Open_Rate,Mann-Whitney U,35550,14450,22.79026160337553,16.164401384083043,21.1,14.9,-6.625860219292488,330636760.0,0.0,0.0,-0.48856993337651555,Small,0.2872819509536255,Small,True,Significant difference between Active and Churned
Mobile_App_Usage,Mann-Whitney U,35550,14450,20.499060478199716,16.33084429065744,18.7,16.1,-4.168216187542278,326874736.5,0.0,0.0,-0.4770770464828967,Small,0.27263510723723594,Small,True,Significant difference between Active and Churned
Average_Order_Value,Mann-Whitney U,35550,14450,118.38390733327452,134.7625324817638,108.935,124.39500000000001,16.378625148489277,207205180.0,2.2416351328988464e-252,3.7360585548314107e-252,0.09337103271801532,Negligible / Very Small,-0.19327939108132708,Small,True,Significant difference between Active and Churned
Credit_Balance,Mann-Whitney U,35550,14450,2067.5704078762305,1690.1904498269896,1896.0,1762.5,-377.37995804924094,305433782.0,3.5332710475891333e-242,5.4358016116755895e-242,-0.33010222666799505,Small,0.18915814073457637,Small,True,Significant difference between Active and Churned
Days_Since_Last_Purchase,Mann-Whitney U,35550,14450,26.541322081575245,35.966851211072665,21.0,24.0,9.42552912949742,214430640.5,5.8460094540957244e-185,8.351442077279607e-185,0.3301599570899828,Small,-0.16514820297937993,Small,True,Significant difference between Active and Churned
Age,Mann-Whitney U,35550,14450,38.50016877637131,35.99231833910034,38.0,36.0,-2.5078504372709673,289184361.0,2.238252551027139e-108,2.984336734702852e-108,-0.2259718707650568,Small,0.1258935891258961,Small,True,Significant difference between Active and Churned
Discount_Usage_Rate,Mann-Whitney U,35550,14450,42.56886188466948,39.19648442906574,40.1,38.6,-3.37237745560374,283207214.0,1.3513282550231892e-72,1.6891603187789866e-72,-0.16738739325306257,Negligible / Very Small,0.10262251227619368,Small,True,Significant difference between Active and Churned
Returns_Rate,Mann-Whitney U,35550,14450,6.374477089896132,7.036705846813071,5.4,5.4,0.6622287569169387,234728966.0,1.0831470374985097e-51,1.274290632351188e-51,0.11292234371744507,Negligible / Very Small,-0.08611988183707342,Very Small,True,Significant difference between Active and Churned
Lifetime_Value,Mann-Whitney U,35550,14450,1446.8058745428975,1425.423235986159,1266.79,1132.73,-21.382638556738584,274943119.0,3.905710140131667e-35,4.3396779334796297e-35,-0.02356975285718835,Negligible / Very Small,0.07044756495797633,Very Small,True,Significant difference between Active and Churned
Payment_Method_Diversity,Mann-Whitney U,35550,14450,2.3328832630098453,2.3442906574394464,2.0,2.0,0.011407394429601148,255790665.5,0.4498595631987333,0.47353638231445616,0.010517130462819707,Negligible / Very Small,-0.004119484716199717,Very Small,False,No statistically significant difference
Membership_Years,Mann-Whitney U,35550,14450,2.9848277371389784,2.9819963273677255,2.5,2.5,-0.0028314097712529573,256472038.0,0.7967698189332152,0.7967698189332152,-0.0013750548369593314,Negligible / Very Small,-0.0014666686133376627,Very Small,False,No statistically significant difference

Variable,Adjusted_P_Value,Cohens_d,Cohens_d_Interpretation
Session_Duration_Avg,0.0,-0.4963527161051979,Small
Login_Frequency,0.0,-0.46058366153795616,Small
Cart_Abandonment_Rate,0.0,0.6420868872178407,Medium
Pages_Per_Session,0.0,-0.5087179899258599,Medium
Wishlist_Items,0.0,-0.4259143420079273,Small
Total_Purchases,0.0,-0.35977438186409394,Small
Product_Reviews_Written,0.0,-0.3908511892818224,Small
Social_Media_Engagement_Score,0.0,-0.40328007355458895,Small
Customer_Service_Calls,0.0,0.669436981076018,Medium
Email_Open_Rate,0.0,-0.48856993337651555,Small
Mobile_App_Usage,0.0,-0.4770770464828967,Small
Average_Order_Value,3.7360585548314107e-252,0.09337103271801532,Negligible / Very Small
Credit_Balance,5.4358016116755895e-242,-0.33010222666799505,Small
Days_Since_Last_Purchase,8.351442077279607e-185,0.3301599570899828,Small
Age,2.984336734702852e-108,-0.2259718707650568,Small
Discount_Usage_Rate,1.6891603187789866e-72,-0.16738739325306257,Negligible / Very Small
Returns_Rate,1.274290632351188e-51,0.11292234371744507,Negligible / Very Small
Lifetime_Value,4.3396779334796297e-35,-0.02356975285718835,Negligible / Very Small
