Rank,Feature,Mean_Abs_SHAP
1,num__Lifetime_Value,0.8357534
2,num__Customer_Service_Calls,0.80677485
3,num__Cart_Abandonment_Rate,0.44091135
4,num__Age,0.4162681
5,num__Cart_Recency_Interaction,0.32792693
6,num__Engagement_Score,0.32570022
7,num__Discount_Usage_Rate,0.3191772
8,num__Email_Open_Rate,0.22984006
9,num__Returns_Rate,0.20323437
10,num__Total_Purchases,0.14955622
11,num__Wishlist_Items,0.10560318
12,num__Social_Media_Engagement_Score,0.10386531
13,num__Product_Reviews_Written,0.08522727
14,num__Average_Order_Value,0.06910921
15,num__Estimated_Purchase_Value,0.06461459
16,num__Session_Duration_Avg,0.06369842
17,cat__Cart_Abandonment_Group_High,0.06053425
18,num__Credit_Balance,0.05841762
19,num__Days_Since_Last_Purchase,0.056557603
20,num__Login_Frequency,0.04689498
21,num__Pages_Per_Session,0.046285197
22,num__Mobile_App_Usage,0.045593057
23,cat__Service_Call_Group_No_or_Few_Calls,0.044778757
24,num__Low_Engagement_Recency,0.03840941
25,cat__Service_Call_Group_Frequent,0.036267098
26,cat__Service_Call_Group_Very_Frequent,0.031100173
27,num__Purchase_Frequency,0.030999312
28,num__Membership_Years,0.025266983
29,cat__Signup_Quarter_Q4,0.022869674
30,cat__Country_France,0.020095492
31,num__Payment_Method_Diversity,0.01748822
32,cat__Purchase_Recency_Group_Moderate,0.0083060805
33,cat__Country_Canada,0.008106219
34,cat__Country_India,0.007175978
35,cat__Signup_Quarter_Q3,0.0067379326
36,cat__Gender_Male,0.004679366
37,cat__Purchase_Recency_Group_Inactive,0.004495123
38,cat__Service_Call_Group_Moderate,0.0044292416
39,cat__Country_Japan,0.003976742
40,cat__Country_Germany,0.0039193155
41,cat__Country_USA,0.0035700835
42,cat__Cart_Abandonment_Group_Medium,0.0033834702
43,cat__Gender_Other,0.0033169119
44,cat__Purchase_Recency_Group_Recent,0.0031253588
45,cat__Purchase_Frequency_Group_Low,0.0030118108
46,cat__Gender_Female,0.0029111784
47,cat__Purchase_Frequency_Group_Medium,0.0026491596
48,cat__Country_UK,0.0026482348
49,cat__Signup_Quarter_Q2,0.0024589587
50,cat__Signup_Quarter_Q1,0.0022721963
51,cat__Country_Australia,0.001401924
52,cat__Purchase_Recency_Group_Very_Inactive,0.00069032627
53,cat__Purchase_Frequency_Group_High,0.0
54,cat__Cart_Abandonment_Group_Low,0.0
