Customer_Row_Index,Feature,Feature_Value,SHAP_Value,Contribution_Direction,Rank
21742,num__Customer_Service_Calls,-1.3784250083980378,-1.7565745,Decreases churn model output,1
21742,num__Lifetime_Value,0.9814877561668198,1.2004791,Increases churn model output,2
21742,num__Cart_Abandonment_Rate,-1.2179298348511067,-0.2768759,Decreases churn model output,3
21742,num__Cart_Recency_Interaction,-0.8580113581025349,-0.26769495,Decreases churn model output,4
21742,num__Session_Duration_Avg,1.9676106891809226,-0.24722666,Decreases churn model output,5
21742,num__Discount_Usage_Rate,-0.48113672197326596,-0.24383645,Decreases churn model output,6
21742,num__Engagement_Score,0.8776238973310242,-0.2283542,Decreases churn model output,7
21742,num__Email_Open_Rate,0.06753714813039687,-0.17600703,Decreases churn model output,8
21742,num__Age,1.718238354952371,-0.15617989,Decreases churn model output,9
21742,num__Total_Purchases,1.117451470801042,-0.10154365,Decreases churn model output,10
21742,cat__Service_Call_Group_No_or_Few_Calls,1.0,-0.08631955,Decreases churn model output,11
21742,num__Product_Reviews_Written,1.861337915080574,-0.079570524,Decreases churn model output,12
21742,cat__Service_Call_Group_Frequent,0.0,-0.06794817,Decreases churn model output,13
21742,num__Social_Media_Engagement_Score,0.9851723202335225,0.06424248,Increases churn model output,14
21742,num__Returns_Rate,0.1895223691095844,-0.05729174,Decreases churn model output,15
21742,num__Wishlist_Items,-0.4135745199560681,-0.054378193,Decreases churn model output,16
21742,num__Purchase_Frequency,0.22391793655271405,0.042775467,Increases churn model output,17
21742,cat__Service_Call_Group_Very_Frequent,0.0,-0.040559452,Decreases churn model output,18
21742,num__Membership_Years,-0.7200311771641542,-0.037395198,Decreases churn model output,19
21742,num__Days_Since_Last_Purchase,-0.875799445499392,-0.031701572,Decreases churn model output,20
21742,cat__Cart_Abandonment_Group_High,0.0,-0.027667215,Decreases churn model output,21
21742,num__Credit_Balance,-0.05552334780510433,-0.02697338,Decreases churn model output,22
21742,num__Login_Frequency,0.6875319510429122,0.025884526,Increases churn model output,23
21742,num__Estimated_Purchase_Value,0.2513360070214084,-0.02138232,Decreases churn model output,24
21742,num__Average_Order_Value,-0.033862874968640225,-0.020315448,Decreases churn model output,25
21742,num__Low_Engagement_Recency,-0.254050465037587,-0.016115068,Decreases churn model output,26
21742,num__Payment_Method_Diversity,-1.2331801202967567,-0.014787772,Decreases churn model output,27
21742,cat__Country_France,0.0,0.012997824,Increases churn model output,28
21742,cat__Signup_Quarter_Q4,0.0,-0.012833821,Decreases churn model output,29
21742,cat__Gender_Female,0.0,-0.010952965,Decreases churn model output,30
21742,cat__Country_India,0.0,-0.0066571864,Decreases churn model output,31
21742,cat__Country_USA,1.0,-0.0066278703,Decreases churn model output,32
21742,cat__Signup_Quarter_Q3,1.0,0.0056002284,Increases churn model output,33
21742,cat__Signup_Quarter_Q1,0.0,-0.0050221775,Decreases churn model output,34
21742,cat__Purchase_Recency_Group_Moderate,0.0,-0.004021475,Decreases churn model output,35
21742,cat__Gender_Male,1.0,0.0037571038,Increases churn model output,36
21742,cat__Country_Germany,0.0,-0.00375636,Decreases churn model output,37
21742,num__Pages_Per_Session,0.7604340321930105,-0.0037076455,Decreases churn model output,38
21742,cat__Country_Canada,0.0,-0.0032986912,Decreases churn model output,39
21742,num__Mobile_App_Usage,-0.07824301564070328,-0.0032899815,Decreases churn model output,40
21742,cat__Purchase_Recency_Group_Inactive,0.0,-0.003096876,Decreases churn model output,41
21742,cat__Cart_Abandonment_Group_Medium,0.0,-0.0030784907,Decreases churn model output,42
21742,cat__Purchase_Frequency_Group_Low,0.0,-0.0027961982,Decreases churn model output,43
21742,cat__Signup_Quarter_Q2,0.0,-0.0020949498,Decreases churn model output,44
21742,cat__Purchase_Recency_Group_Recent,1.0,-0.0015159063,Decreases churn model output,45
21742,cat__Gender_Other,0.0,-0.001399122,Decreases churn model output,46
21742,cat__Service_Call_Group_Moderate,0.0,0.0012065165,Increases churn model output,47
21742,cat__Country_UK,0.0,-0.000997086,Decreases churn model output,48
21742,cat__Purchase_Recency_Group_Very_Inactive,0.0,-0.0006689372,Decreases churn model output,49
21742,cat__Country_Japan,0.0,-0.00020188792,Decreases churn model output,50
21742,cat__Country_Australia,0.0,-7.0110545e-06,Decreases churn model output,51
21742,cat__Purchase_Frequency_Group_Medium,0.0,-5.841721e-06,Decreases churn model output,52
21742,cat__Purchase_Frequency_Group_High,1.0,0.0,No directional contribution,53
21742,cat__Cart_Abandonment_Group_Low,1.0,0.0,No directional contribution,54
