Feature,Mean_SHAP,Mean_Abs_SHAP,Min_SHAP,Max_SHAP
num__Lifetime_Value,0.08072919,0.8357534,-1.090983,3.9865751
num__Customer_Service_Calls,-0.028221121,0.80677485,-1.854356,2.9189076
num__Cart_Abandonment_Rate,-0.08451313,0.44091135,-1.2632852,2.7072067
num__Age,-0.054077752,0.4162681,-0.8592584,3.5997703
num__Cart_Recency_Interaction,-0.06497105,0.32792693,-1.1662476,4.097724
num__Engagement_Score,-0.032343935,0.32570022,-0.8108632,1.9173867
num__Discount_Usage_Rate,-0.012293442,0.3191772,-1.2979206,2.5693276
num__Email_Open_Rate,-0.08231051,0.22984006,-0.9137485,0.99281305
num__Returns_Rate,0.00092891767,0.20323437,-0.960762,1.9293373
num__Total_Purchases,-0.031580452,0.14955622,-0.7784838,1.3685415
num__Wishlist_Items,-0.019443924,0.10560318,-0.41295746,0.5796858
num__Social_Media_Engagement_Score,0.009007757,0.10386531,-0.36018562,0.40014908
num__Product_Reviews_Written,-0.0079544615,0.08522727,-0.32038876,0.44607297
num__Average_Order_Value,0.0014931238,0.06910921,-0.4903822,0.4066545
num__Estimated_Purchase_Value,0.006692349,0.06461459,-0.45700997,0.49131337
num__Session_Duration_Avg,-0.0077446317,0.06369842,-0.38838196,0.4367165
cat__Cart_Abandonment_Group_High,-0.020833476,0.06053425,-0.21610677,0.12332988
num__Credit_Balance,-0.00859844,0.05841762,-0.40569332,0.4048234
num__Days_Since_Last_Purchase,-0.008086317,0.056557603,-0.24718592,0.5474755
num__Login_Frequency,0.0047263345,0.04689498,-0.20843135,0.45752895
num__Pages_Per_Session,-0.0015513677,0.046285197,-0.31668553,0.52364516
num__Mobile_App_Usage,0.013769583,0.045593057,-0.17506145,0.23067951
cat__Service_Call_Group_No_or_Few_Calls,0.014942451,0.044778757,-0.09872895,0.18603851
num__Low_Engagement_Recency,0.0019009277,0.03840941,-0.05788677,0.76002884
cat__Service_Call_Group_Frequent,0.0076447316,0.036267098,-0.13206194,0.3872327
cat__Service_Call_Group_Very_Frequent,-0.00015776017,0.031100173,-0.11426759,0.31353396
num__Purchase_Frequency,0.0007514931,0.030999312,-0.19889669,0.35130015
num__Membership_Years,0.00076559896,0.025266983,-0.31043917,0.23351935
cat__Signup_Quarter_Q4,-0.00097230275,0.022869674,-0.06792572,0.19613546
cat__Country_France,-0.0010264942,0.020095492,-0.24845025,0.02409001
num__Payment_Method_Diversity,-4.088953e-06,0.01748822,-0.10214293,0.16378129
cat__Purchase_Recency_Group_Moderate,-0.00016179857,0.0083060805,-0.035053253,0.05597662
cat__Country_Canada,0.00037436848,0.008106219,-0.03819589,0.13652271
cat__Country_India,0.00051643286,0.007175978,-0.08803533,0.1528974
cat__Signup_Quarter_Q3,4.8981397e-05,0.0067379326,-0.07970718,0.07736221
cat__Gender_Male,0.00012481435,0.004679366,-0.044781655,0.04651417
cat__Purchase_Recency_Group_Inactive,8.047242e-05,0.004495123,-0.027893698,0.058798745
cat__Service_Call_Group_Moderate,0.00039940357,0.0044292416,-0.03167364,0.077707045
cat__Country_Japan,0.0002510432,0.003976742,-0.121269114,0.08311391
cat__Country_Germany,-0.00029153022,0.0039193155,-0.023302581,0.11733448
cat__Country_USA,7.292653e-05,0.0035700835,-0.048805997,0.034128353
cat__Cart_Abandonment_Group_Medium,-7.6458295e-05,0.0033834702,-0.015547474,0.0416693
cat__Gender_Other,-0.00017046751,0.0033169119,-0.0049045854,0.16304156
cat__Purchase_Recency_Group_Recent,-0.00026493808,0.0031253588,-0.08276221,0.039557308
cat__Purchase_Frequency_Group_Low,0.00035971028,0.0030118108,-0.0108707715,0.018416049
cat__Gender_Female,-0.00012759412,0.0029111784,-0.03525455,0.039492827
cat__Purchase_Frequency_Group_Medium,-3.2238648e-05,0.0026491596,-0.017544728,0.039256826
cat__Country_UK,-0.00016528757,0.0026482348,-0.010834422,0.05712196
cat__Signup_Quarter_Q2,0.00025758395,0.0024589587,-0.038300853,0.032674115
cat__Signup_Quarter_Q1,-7.1266986e-05,0.0022721963,-0.02317512,0.030680103
cat__Country_Australia,-6.4585874e-05,0.001401924,-0.021503503,0.07867699
cat__Purchase_Recency_Group_Very_Inactive,-0.00013834226,0.00069032627,-0.008544592,0.019321388
cat__Purchase_Frequency_Group_High,0.0,0.0,0.0,0.0
cat__Cart_Abandonment_Group_Low,0.0,0.0,0.0,0.0
