Segment,Feature,Mean_Abs_SHAP
0,num__Customer_Service_Calls,1.7565745
0,num__Lifetime_Value,1.2004791
0,num__Cart_Abandonment_Rate,0.2768759
0,num__Cart_Recency_Interaction,0.26769495
0,num__Session_Duration_Avg,0.24722666
0,num__Discount_Usage_Rate,0.24383645
0,num__Engagement_Score,0.2283542
0,num__Email_Open_Rate,0.17600703
0,num__Age,0.15617989
0,num__Total_Purchases,0.10154365
0,cat__Service_Call_Group_No_or_Few_Calls,0.08631955
0,num__Product_Reviews_Written,0.079570524
0,cat__Service_Call_Group_Frequent,0.06794817
0,num__Social_Media_Engagement_Score,0.06424248
0,num__Returns_Rate,0.05729174
0,num__Wishlist_Items,0.054378193
0,num__Purchase_Frequency,0.042775467
0,cat__Service_Call_Group_Very_Frequent,0.040559452
0,num__Membership_Years,0.037395198
0,num__Days_Since_Last_Purchase,0.031701572
0,cat__Cart_Abandonment_Group_High,0.027667215
0,num__Credit_Balance,0.02697338
0,num__Login_Frequency,0.025884526
0,num__Estimated_Purchase_Value,0.02138232
0,num__Average_Order_Value,0.020315448
0,num__Low_Engagement_Recency,0.016115068
0,num__Payment_Method_Diversity,0.014787772
0,cat__Country_France,0.012997824
0,cat__Signup_Quarter_Q4,0.012833821
0,cat__Gender_Female,0.010952965
0,cat__Country_India,0.0066571864
0,cat__Country_USA,0.0066278703
0,cat__Signup_Quarter_Q3,0.0056002284
0,cat__Signup_Quarter_Q1,0.0050221775
0,cat__Purchase_Recency_Group_Moderate,0.004021475
0,cat__Gender_Male,0.0037571038
0,cat__Country_Germany,0.00375636
0,num__Pages_Per_Session,0.0037076455
0,cat__Country_Canada,0.0032986912
0,num__Mobile_App_Usage,0.0032899815
0,cat__Purchase_Recency_Group_Inactive,0.003096876
0,cat__Cart_Abandonment_Group_Medium,0.0030784907
0,cat__Purchase_Frequency_Group_Low,0.0027961982
0,cat__Signup_Quarter_Q2,0.0020949498
0,cat__Purchase_Recency_Group_Recent,0.0015159063
0,cat__Gender_Other,0.001399122
0,cat__Service_Call_Group_Moderate,0.0012065165
0,cat__Country_UK,0.000997086
0,cat__Purchase_Recency_Group_Very_Inactive,0.0006689372
0,cat__Country_Japan,0.00020188792
0,cat__Country_Australia,7.0110545e-06
0,cat__Purchase_Frequency_Group_Medium,5.841721e-06
0,cat__Cart_Abandonment_Group_Low,0.0
0,cat__Purchase_Frequency_Group_High,0.0
